update_idx,total_steps,policy_loss,value_loss,entropy,constraint_loss_0,constraint_loss_1,constraint_loss_2,constraint_loss_3,constraint_violation_0,constraint_violation_1,constraint_violation_2,constraint_violation_3,lagrange_0,lagrange_1,lagrange_2,lagrange_3
0,8192,-0.06121416888800013,2162.58781850338,0.742050554807065,11720.2216796875,2806.01318359375,55251.9375,19555.01953125,11720.1044921875,2805.912109375,55251.83203125,19554.92578125,0.0,0.0,0.0,0.0
1,16384,-0.07840323435357277,1565.1416504383087,0.37548232250264846,221895472.0,50928000.0,808142528.0,285765952.0,221895472.0,50928000.0,808142528.0,285765952.0,11.720105171203613,2.8059122562408447,55.251834869384766,19.5549259185791
2,24576,-0.06328260014515763,1517.052779570222,0.35392735015193466,8475277312.0,2122983936.0,14699879424.0,11850153984.0,8475277312.0,2122983936.0,14699879424.0,11850153984.0,221907.203125,50930.80859375,808197.8125,285785.53125
3,32768,-0.020285191314542317,1524.1981637775898,0.5179086993157398,48528809984.0,15415222272.0,69428871168.0,68258521088.0,48528809984.0,15415222272.0,69428871168.0,68258521088.0,8697185.0,2173914.75,15508078.0,12135941.0
4,40960,-0.04709646766423248,2388.9921713471413,0.2610308448347496,229477859328.0,84994146304.0,300765216768.0,314871316480.0,229477859328.0,84994146304.0,300765216768.0,314871316480.0,57225996.0,17589138.0,84936952.0,80394472.0
5,49152,-0.010920375467321719,2966.696293592453,0.24395890329469694,591631613952.0,212431650816.0,752962437120.0,846439317504.0,591631613952.0,212431650816.0,752962437120.0,846439317504.0,286703872.0,102583288.0,385702176.0,395265792.0
6,57344,-0.07203842104354408,2744.385234594345,0.11653551717245136,1729933344768.0,648873115648.0,2151428915200.0,2473568763904.0,1729933344768.0,648873115648.0,2151428915200.0,2473568763904.0,878335488.0,315014944.0,1138664704.0,1241705216.0
7,65536,-0.062234001949946105,1507.374630331993,0.08183155890492344,3343270805504.0,1286898057216.0,4096578813952.0,4803665068032.0,3343270805504.0,1286898057216.0,4096578813952.0,4803665068032.0,2608268800.0,963888128.0,3290093824.0,3715273984.0
8,73728,-0.06265701896882092,2223.539091616869,0.13163922454987187,5745569431552.0,2368079659008.0,6948660969472.0,8098230566912.0,5745569431552.0,2368079659008.0,6948660969472.0,8098230566912.0,5951539712.0,2250786304.0,7386673152.0,8518939648.0
9,81920,-0.06288423267233156,2037.5716218948364,0.38529719100915827,6809398542336.0,2753985511424.0,8182440132608.0,9796073816064.0,6809398542336.0,2753985511424.0,8182440132608.0,9796073816064.0,11697108992.0,4618866176.0,14335334400.0,16617170944.0
10,90112,-0.04225294208754349,1643.7103311121464,0.2729820565000409,9912807587840.0,4093785407488.0,11832285724672.0,14294599073792.0,9912807587840.0,4093785407488.0,11832285724672.0,14294599073792.0,18506508288.0,7372851712.0,22517774336.0,26413244416.0
11,98304,-0.07313296349684606,1405.5814590156078,0.22118302582384786,19132915384320.0,8042937057280.0,22734369193984.0,27566740078592.0,19132915384320.0,8042937057280.0,22734369193984.0,27566740078592.0,28419317760.0,11466637312.0,34350059520.0,40707842048.0
12,106496,-0.05744715226046537,1373.7449886202812,0.1871303863626963,24417453211648.0,10401863434240.0,28881614536704.0,35222053715968.0,24417453211648.0,10401863434240.0,28881614536704.0,35222053715968.0,47552233472.0,19509575680.0,57084428288.0,68274585600.0
13,114688,-0.046747702119319,1294.3016984313726,0.2132976827197126,38775765860352.0,16572980658176.0,45597713235968.0,56134329171968.0,38775765860352.0,16572980658176.0,45597713235968.0,56134329171968.0,71969685504.0,29911439360.0,85966045184.0,103496646656.0
14,122880,-0.05711711329968239,1316.987364396453,0.23838070548663381,44320111460352.0,19318112780288.0,51848169914368.0,63936028213248.0,44320111460352.0,19318112780288.0,51848169914368.0,63936028213248.0,110745452544.0,46484422656.0,131563765760.0,159630983168.0
15,131072,-0.0791947667430577,809.6389124244452,0.12361728522228077,68565000519680.0,29919591530496.0,79991148642304.0,99386147209216.0,68565000519680.0,29919591530496.0,79991148642304.0,99386147209216.0,155065565184.0,65802534912.0,183411933184.0,223567020032.0
16,139264,-0.06813929888448911,912.1971500962973,0.1056088430541422,92097185054720.0,40490112122880.0,107147346051072.0,133656806948864.0,92097185054720.0,40490112122880.0,107147346051072.0,133656806948864.0,223630573568.0,95722127360.0,263403077632.0,322953183232.0
17,147456,-0.07469739940233922,543.7909220457077,0.07127477078574884,136667033763840.0,60817147953152.0,158923906613248.0,198320987308032.0,136667033763840.0,60817147953152.0,158923906613248.0,198320987308032.0,315727773696.0,136212242432.0,370550439936.0,456609988608.0
18,155648,-0.06544977950943576,603.7063583508134,0.1600882774719139,171445179121664.0,77014719528960.0,199636740472832.0,249156018896896.0,171445179121664.0,77014719528960.0,199636740472832.0,249156018896896.0,452394811392.0,197029396480.0,529474355200.0,654931001344.0
19,163840,-0.07103234958867688,586.6708794236183,0.24014405838170205,228563764641792.0,103928318394368.0,266531762077696.0,332205217808384.0,228563764641792.0,103928318394368.0,266531762077696.0,332205217808384.0,623840002048.0,274044125184.0,729111068672.0,904087011328.0
20,172032,-0.05709213143745728,610.9830542057753,0.17781985650071874,288796218228736.0,132097909981184.0,337403906621440.0,421242104446976.0,288796218228736.0,132097909981184.0,337403906621440.0,421242104446976.0,852403814400.0,377972457472.0,995642834944.0,1236292206592.0
21,180224,-0.08736276800937048,720.0219049304724,0.2375710622727638,278186088726528.0,127628803571712.0,325634823815168.0,407604845084672.0,278186088726528.0,127628803571712.0,325634823815168.0,407604845084672.0,1141200125952.0,510070358016.0,1333046804480.0,1657534283776.0
22,188416,-0.07504839755256398,380.08444728702307,0.1548782028912683,364235775279104.0,169228573343744.0,426949109350400.0,532795021590528.0,364235775279104.0,169228573343744.0,426949109350400.0,532795021590528.0,1419386290176.0,637699162112.0,1658681688064.0,2065139105792.0
23,196608,-0.07162463163695065,423.5451416783035,0.14668701294795028,403023188721664.0,187348520271872.0,473381262589952.0,592574490345472.0,403023188721664.0,187348520271872.0,473381262589952.0,592574490345472.0,1783622008832.0,806927728640.0,2085630771200.0,2597934071808.0
24,204800,-0.05691525994006952,358.5516014918685,0.0995497048809284,546523750334464.0,255103474860032.0,643014988922880.0,805215905251328.0,546523750334464.0,255103474860032.0,643014988922880.0,805215905251328.0,2186645209088.0,994276278272.0,2559011979264.0,3190508486656.0
25,212992,-0.0763939644830316,577.2118097469211,0.25839887071197154,721682348113920.0,340391861682176.0,850130190204928.0,1061008588144640.0,721682348113920.0,340391861682176.0,850130190204928.0,1061008588144640.0,2733168918528.0,1249379745792.0,3202027094016.0,3995724414976.0
26,221184,-0.09047408522383193,382.149590972811,0.36600197981169913,804945255202816.0,382848250937344.0,949725247307776.0,1183901561126912.0,804945255202816.0,382848250937344.0,949725247307776.0,1183901561126912.0,3454851350528.0,1589771632640.0,4052157464576.0,5056733118464.0
27,229376,-0.0852256655907695,591.4516483694315,0.08780661066703033,915588847239168.0,434506641178624.0,1082221767163904.0,1353103274147840.0,915588847239168.0,434506641178624.0,1082221767163904.0,1353103274147840.0,4259796484096.0,1972619968512.0,5001882632192.0,6240634667008.0
28,237568,-0.07766108459600218,210.7135256435722,0.2574175576810376,950746979762176.0,453480397406208.0,1125522352373760.0,1406733859684352.0,950746979762176.0,453480397406208.0,1125522352373760.0,1406733859684352.0,5175385260032.0,2407126532096.0,6084104290304.0,7593738108928.0
29,245760,-0.06855885305139964,280.05474078655243,0.39055925999127794,1197591635165184.0,576154629046272.0,1419528835694592.0,1769670138920960.0,1197591635165184.0,576154629046272.0,1419528835694592.0,1769670138920960.0,6126132264960.0,2860607078400.0,7209626894336.0,9000472018944.0
30,253952,-0.08647514437689097,332.41708735376596,0.24883271847647848,1363954643238912.0,656674998190080.0,1619127642882048.0,2021117120217088.0,1363954643238912.0,656674998190080.0,1619127642882048.0,2021117120217088.0,7323724021760.0,3436761841664.0,8629155528704.0,10770142199808.0
31,262144,-0.07909881010527897,336.68844916671515,0.3124492233764613,1497649056317440.0,723773997187072.0,1780259649224704.0,2221571833856000.0,1497649056317440.0,723773997187072.0,1780259649224704.0,2221571833856000.0,8687678652416.0,4093436755968.0,10248282701824.0,12791259856896.0
32,270336,-0.08322058472731442,308.1713967192918,0.29048628502641805,1874647863787520.0,908174794162176.0,2231102634721280.0,2783619038838784.0,1874647863787520.0,908174794162176.0,2231102634721280.0,2783619038838784.0,10185328295936.0,4817210572800.0,12028542451712.0,15012831690752.0
33,278528,-0.03234768952643208,310.46233769133687,0.2921320107925567,2084575530450944.0,1013596108619776.0,2484259818307584.0,3099172165124096.0,2084575530450944.0,1013596108619776.0,2484259818307584.0,3099172165124096.0,12059976663040.0,5725385392128.0,14259645841408.0,17796450746368.0
34,286720,-0.0864257590028501,374.48279955610633,0.10849075744317815,2071216034676736.0,1010073027477504.0,2471504570744832.0,3083125093564416.0,2071216034676736.0,1010073027477504.0,2471504570744832.0,3083125093564416.0,14144552042496.0,6738981421056.0,16743905886208.0,20895624069120.0
35,294912,-0.07080893064994598,499.3008333519101,0.19421692837931914,2599784774893568.0,1279687384891392.0,3104500608925696.0,3857431998234624.0,2599784774893568.0,1279687384891392.0,3104500608925696.0,3857431998234624.0,16215768563712.0,7749054234624.0,19215411052544.0,23978749984768.0
36,303104,-0.06390565300171147,347.38990115746856,0.1353174417563423,2488792619417600.0,1224275864322048.0,2976144437542912.0,3705495919525888.0,2488792619417600.0,1224275864322048.0,2976144437542912.0,3705495919525888.0,18815553372160.0,9028741627904.0,22319911141376.0,27836182167552.0
37,311296,-0.08421254520453658,448.85157237946987,0.1415175916372391,3376590276788224.0,1657599141347328.0,4042146462040064.0,5040242369232896.0,3376590276788224.0,1657599141347328.0,4042146462040064.0,5040242369232896.0,21304346411008.0,10253018071040.0,25296055042048.0,31541677785088.0
38,319488,-0.08602657728988561,371.9293436035514,0.047648260475057214,4346381275758592.0,2143556571496448.0,5208022045425664.0,6484934076137472.0,4346381275758592.0,2143556571496448.0,5208022045425664.0,6484934076137472.0,24680937291776.0,11910617497600.0,29338202275840.0,36581922570240.0
39,327680,-0.030888766988027783,320.13506538793445,0.08252379947521149,4712803189391360.0,2324335368863744.0,5653129370533888.0,7045976527208448.0,4712803189391360.0,2324335368863744.0,5653129370533888.0,7045976527208448.0,29027318366208.0,14054174228480.0,34546225512448.0,43066857619456.0
40,335872,-0.08995019833218976,291.9858400840312,0.07431119713805856,4342747196555264.0,2147745506787328.0,5213953932132352.0,6496481095712768.0,4342747196555264.0,2147745506787328.0,5213953932132352.0,6496481095712768.0,33740122226688.0,16378509656064.0,40199354580992.0,50112835354624.0
41,344064,-0.08614620903972536,352.8952524624765,0.004633364251187544,4412506860683264.0,2185507530342400.0,5302359928340480.0,6609262105067520.0,4412506860683264.0,2185507530342400.0,5302359928340480.0,6609262105067520.0,38082871033856.0,18526255448064.0,45413306466304.0,56609317322752.0
42,352256,-0.08173860237093322,255.5553648751229,0.06942016547424146,5189188076961792.0,2575574312681472.0,6239696275374080.0,7774222055112704.0,5189188076961792.0,2575574312681472.0,6239696275374080.0,7774222055112704.0,42495379505152.0,20711762558976.0,50715665891328.0,63218579931136.0
43,360448,-0.08912968636923324,305.2479703044519,0.056254356560884844,5459374269005824.0,2716147786973184.0,6568908739837952.0,8181179870085120.0,5459374269005824.0,2716147786973184.0,6568908739837952.0,8181179870085120.0,47684568219648.0,23287337844736.0,56955364179968.0,70992806281216.0
44,368640,-0.07061865356899943,150.34096971340477,0.07061186936016384,5924141806911488.0,2954455658004480.0,7132837408931840.0,8880415578259456.0,5924141806911488.0,2954455658004480.0,7132837408931840.0,8880415578259456.0,53143941414912.0,26003485229056.0,63524273389568.0,79173989171200.0
45,376832,-0.05744983399290504,211.38331147562712,0.4571880886796862,7900555296899072.0,3951653380161536.0,9517069854834688.0,1.1836762364051456e+16,7900555296899072.0,3951653380161536.0,9517069854834688.0,1.1836762364051456e+16,59068081242112.0,28957940383744.0,70657110966272.0,88054404481024.0
46,385024,-0.08615395582546626,340.9459125213325,0.29560707609925885,6425196449759232.0,3218381666779136.0,7744981380890624.0,9635698999033856.0,6425196449759232.0,3218381666779136.0,7744981380890624.0,9635698999033856.0,66968635834368.0,32909593411584.0,80174179680256.0,99891166576640.0
47,393216,-0.07902222522170632,255.05548076704144,0.28645897627575323,7784946588450816.0,3903013680840704.0,9388734084546560.0,1.1681573384486912e+16,7784946588450816.0,3903013680840704.0,9388734084546560.0,1.1681573384486912e+16,73393835606016.0,36127973048320.0,87919163342848.0,109526866984960.0
48,401408,-0.08750212095310417,303.3001898471266,0.32830038492102176,1.0031425474527232e+16,5039472496345088.0,1.2103537815191552e+16,1.5051415462346752e+16,1.0031425474527232e+16,5039472496345088.0,1.2103537815191552e+16,1.5051415462346752e+16,81178782597120.0,40030986829824.0,97307894743040.0,121208439832576.0
49,409600,-0.08475230558997282,234.95705562643707,0.23847881694018724,1.0382923450548224e+16,5216115911294976.0,1.2534583954243584e+16,1.5598401022328832e+16,1.0382923450548224e+16,5216115911294976.0,1.2534583954243584e+16,1.5598401022328832e+16,91210207199232.0,45070459863040.0,109411431350272.0,136259859120128.0
50,417792,-0.07777241971234616,322.81033081933856,0.29435322820791043,9968823104962560.0,5012216633884672.0,1.2042011334934528e+16,1.499361808744448e+16,9968823104962560.0,5012216633884672.0,1.2042011334934528e+16,1.499361808744448e+16,101593131253760.0,50286576009216.0,121946016579584.0,151858265980928.0
51,425984,-0.08205365985668323,307.4685946870595,0.28888652243767865,1.0625637421154304e+16,5354518548054016.0,1.283901553115136e+16,1.5972910359379968e+16,1.0625637421154304e+16,5354518548054016.0,1.283901553115136e+16,1.5972910359379968e+16,111561951674368.0,55298794455040.0,133988031135744.0,166851879370752.0
52,434176,-0.07510977014499076,306.77140907756984,0.23747581240604632,1.381068745736192e+16,6973355609554944.0,1.6693912961810432e+16,2.0757302063661056e+16,1.381068745736192e+16,6973355609554944.0,1.6693912961810432e+16,2.0757302063661056e+16,122187591712768.0,60653314244608.0,146827047337984.0,182824795635712.0
53,442368,-0.06699026787919138,292.1144746746868,0.40298798339790665,1.1005702298402816e+16,5574990493646848.0,1.3308747514380288e+16,1.6534849921744896e+16,1.1005702298402816e+16,5574990493646848.0,1.3308747514380288e+16,1.6534849921744896e+16,135998277156864.0,67626671800320.0,163520964460544.0,203582104141824.0
54,450560,-0.08494690850602638,365.22488636896014,0.39780712383799255,1.2703397643812864e+16,6430070163898368.0,1.5368817840488448e+16,1.9110074731462656e+16,1.2703397643812864e+16,6430070163898368.0,1.5368817840488448e+16,1.9110074731462656e+16,147003979857920.0,73201660985344.0,176829709156352.0,220116956479488.0
55,458752,-0.07177759659225558,419.2021420560777,0.28403399548551533,1.5775030478635008e+16,7997924889853952.0,1.908947606831104e+16,2.3721495217831936e+16,1.5775030478635008e+16,7997924889853952.0,1.908947606831104e+16,2.3721495217831936e+16,159707385823232.0,79631730343936.0,192198528204800.0,239227027587072.0
56,466944,-0.08192486099687812,291.7887483537197,0.2860270716773812,1.929616922194739e+16,9766966084501504.0,2.336133429277491e+16,2.9071426740813824e+16,1.929616922194739e+16,9766966084501504.0,2.336133429277491e+16,2.9071426740813824e+16,175482414825472.0,87629655703552.0,211287996891136.0,262948517838848.0
57,475136,-0.06521580697335594,382.7857148386538,0.2553845344664296,1.908399998500864e+16,9697021468344320.0,2.311028486438912e+16,2.871767820192973e+16,1.908399998500864e+16,9697021468344320.0,2.311028486438912e+16,2.871767820192973e+16,194778578812928.0,97396621049856.0,234649330647040.0,292019960283136.0
58,483328,-0.08291241198276111,257.57453384716064,0.15994826201131218,2.1375476706574336e+16,1.0857636522098688e+16,2.5893170269126656e+16,3.21911020060672e+16,2.1375476706574336e+16,1.0857636522098688e+16,2.5893170269126656e+16,3.21911020060672e+16,213862578126848.0,107093642182656.0,257759610142720.0,320737655128064.0
59,491520,-0.07587615735064901,345.0877566244453,0.4103049136319896,2.396552022720512e+16,1.2165063221706752e+16,2.904126962794496e+16,3.613261496844288e+16,2.396552022720512e+16,1.2165063221706752e+16,2.904126962794496e+16,3.613261496844288e+16,235238059933696.0,117951277563904.0,283652793565184.0,352928770555904.0
60,499712,-0.07635324477860195,253.32924259081483,0.3071207028115168,2.1905819268284416e+16,1.1166699147493376e+16,2.655116784880845e+16,3.298255495705395e+16,2.1905819268284416e+16,1.1166699147493376e+16,2.655116784880845e+16,3.298255495705395e+16,259203574792192.0,130116344610816.0,312694053797888.0,389061390893056.0
61,507904,-0.0706001016405935,375.0150513090193,0.21741076671605697,2.255860490515251e+16,1.1485900043190272e+16,2.7352924426338304e+16,3.4017519668822016e+16,2.255860490515251e+16,1.1485900043190272e+16,2.7352924426338304e+16,3.4017519668822016e+16,281109401174016.0,141283049865216.0,339245239631872.0,422043954708480.0
62,516096,-0.0663241529264269,235.91855440475047,0.16493569179147016,2.5053248612204544e+16,1.277088124370944e+16,3.0385375348260864e+16,3.777958030763622e+16,2.5053248612204544e+16,1.277088124370944e+16,3.0385375348260864e+16,3.777958030763622e+16,303668012253184.0,152768950042624.0,366598175064064.0,456061471424512.0
63,524288,-0.07019493409961797,287.89573418721557,0.17499129737188923,2.84354752282624e+16,1.447909711151104e+16,3.449754239369216e+16,4.292728759045325e+16,2.84354752282624e+16,1.447909711151104e+16,3.449754239369216e+16,4.292728759045325e+16,328721261133824.0,165539833970688.0,396983558733824.0,493841043947520.0
64,532480,-0.06939515245085204,296.1895343642682,0.22565750264402595,2.40514410479616e+16,1.2250146523840512e+16,2.9189291380834304e+16,3.63405815798825e+16,2.40514410479616e+16,1.2250146523840512e+16,2.9189291380834304e+16,3.63405815798825e+16,357156729651200.0,180018923700224.0,431481105154048.0,536768336101376.0
65,540672,-0.06155733159584997,152.00087411887944,0.11823627820740512,3.124744615152845e+16,1.594268774825984e+16,3.79278898233344e+16,4.718940697657344e+16,3.124744615152845e+16,1.594268774825984e+16,3.79278898233344e+16,4.718940697657344e+16,381208177410048.0,192269076398080.0,460670407540736.0,573108893253632.0
66,548864,-0.07620708328067849,240.44529943168163,0.15093117136711953,2.943680175616819e+16,1.5029386575085568e+16,3.5737525221851136e+16,4.446028597244723e+16,2.943680175616819e+16,1.5029386575085568e+16,3.5737525221851136e+16,4.446028597244723e+16,412455641546752.0,208211760119808.0,498598290653184.0,620298302914560.0
67,557056,-0.0828747914010819,242.75995738245547,0.12450880848700763,3.5371143036665856e+16,1.804428718689485e+16,4.295550123062067e+16,5.348655917694976e+16,3.5371143036665856e+16,1.804428718689485e+16,4.295550123062067e+16,5.348655917694976e+16,441892441423872.0,223241142534144.0,534335807553536.0,664758596403200.0
68,565248,-0.08157446864697704,202.57303090952337,0.2192948843439808,3.5013060875780096e+16,1.7904044693520384e+16,4.252728010630758e+16,5.290968493955482e+16,3.5013060875780096e+16,1.7904044693520384e+16,4.252728010630758e+16,5.290968493955482e+16,477263577481216.0,241285424218112.0,577291318984704.0,718245166317568.0
69,573440,-0.06264977014961914,233.0825978089124,0.20715960960660595,3.493455746354381e+16,1.787743092867072e+16,4.243982168725914e+16,5.279530566549504e+16,3.493455746354381e+16,1.787743092867072e+16,4.243982168725914e+16,5.279530566549504e+16,512276654194688.0,259189465153536.0,619818608754688.0,771154868436992.0
70,581632,-0.06430141223700048,270.1055304463953,0.1970392642178922,5.258968840116634e+16,2.6941410724806656e+16,6.389952270250803e+16,7.946930743148544e+16,5.258968840116634e+16,2.6941410724806656e+16,6.389952270250803e+16,7.946930743148544e+16,547211213537280.0,277066897424384.0,662258455674880.0,823950149943296.0
71,589824,-0.07258087343234365,246.5828853622079,0.23394927944173105,3.904774241622426e+16,1.9978044672311296e+16,4.746170360817254e+16,5.910310508979814e+16,3.904774241622426e+16,1.9978044672311296e+16,4.746170360817254e+16,5.910310508979814e+16,599800907038720.0,304008321302528.0,726157972471808.0,903419460059136.0
72,598016,-0.0645481113151618,190.80392129905522,0.2421198705669667,4.248437767798784e+16,2.175891420689203e+16,5.164535394179482e+16,6.429178636061901e+16,4.248437767798784e+16,2.175891420689203e+16,5.164535394179482e+16,6.429178636061901e+16,638848669319168.0,323986361679872.0,773619709902848.0,962522572128256.0
73,606208,-0.0701141967251715,266.342306856066,0.17513859779865015,4.79353740764119e+16,2.4584783644327936e+16,5.827920151340646e+16,7.251614192631808e+16,4.79353740764119e+16,2.4584783644327936e+16,5.827920151340646e+16,7.251614192631808e+16,681333076525056.0,345745269981184.0,825265081024512.0,1026814340235264.0
74,614400,-0.06517123530920799,190.49919743835926,0.12302965615617723,4.68806460726313e+16,2.407310056803533e+16,5.700904224502579e+16,7.092553514798285e+16,4.68806460726313e+16,2.407310056803533e+16,5.700904224502579e+16,7.092553514798285e+16,729268468318208.0,370330065436672.0,883544297570304.0,1099330500952064.0
75,622592,-0.050743120666083996,319.4761715102941,0.3982211263064528,6.529957896178893e+16,3.352515320794317e+16,7.941838629922406e+16,9.882991190029107e+16,6.529957896178893e+16,3.352515320794317e+16,7.941838629922406e+16,9.882991190029107e+16,776149110095872.0,394403155804160.0,940553344647168.0,1170256047374336.0
76,630784,-0.07820464005180838,244.53918132185936,0.2058922608557623,6.153364855744102e+16,3.16201397911552e+16,7.485049101143245e+16,9.313616824526438e+16,6.153364855744102e+16,3.16201397911552e+16,7.485049101143245e+16,9.313616824526438e+16,841448719122432.0,427928328339456.0,1019971719135232.0,1269085929209856.0
77,638976,-0.07967789704434836,195.13875029236078,0.20028046034713043,5.912265578092954e+16,3.042786975468749e+16,7.192988748034867e+16,8.94701731399598e+16,5.912265578092954e+16,3.042786975468749e+16,7.192988748034867e+16,8.94701731399598e+16,902982380027904.0,459548481552384.0,1094822194577408.0,1362222160805888.0
78,647168,-0.06595284284685476,178.91343580652028,0.1454084954712016,5.165939418988544e+16,2.66007725735936e+16,6.286332748260966e+16,7.820872594017485e+16,5.165939418988544e+16,2.66007725735936e+16,6.286332748260966e+16,7.820872594017485e+16,962105020776448.0,489976345133056.0,1166752025149440.0,1451692369379328.0
79,655360,-0.06815250393447059,250.3801540862769,0.14005124011964654,6.968854161706189e+16,3.5894551373676544e+16,8.480865615504998e+16,1.0550388735134925e+17,6.968854161706189e+16,3.5894551373676544e+16,8.480865615504998e+16,1.0550388735134925e+17,1013764417650688.0,516577124417536.0,1229615313977344.0,1529901039484928.0
80,663552,-0.0790115232412063,174.0447311811149,0.2304997800019919,6.95477654740009e+16,3.582451334198067e+16,8.465291205096243e+16,1.0534621910191309e+17,6.95477654740009e+16,3.582451334198067e+16,8.465291205096243e+16,1.0534621910191309e+17,1083452946382848.0,552471676059648.0,1314424006639616.0,1635404897845248.0
81,671744,-0.08183602831650205,124.07944441679865,0.131919072875462,7.489898978213888e+16,3.857737907280282e+16,9.118209556453786e+16,1.135093284339712e+17,7.489898978213888e+16,3.857737907280282e+16,9.118209556453786e+16,1.135093284339712e+17,1153000747827200.0,588296166047744.0,1399076872519680.0,1740751184592896.0
82,679936,-0.07068027889272344,124.51044226251543,0.2576474994275486,7.175911099072512e+16,3.698301849305088e+16,8.73755261796352e+16,1.087869002228695e+17,7.175911099072512e+16,3.698301849305088e+16,8.73755261796352e+16,1.087869002228695e+17,1227899742978048.0,626873562300416.0,1490259028213760.0,1854260459339776.0
83,688128,-0.08449797977664275,224.08778459578753,0.198525277824956,7.617718063936307e+16,3.923544966692864e+16,9.276761710159462e+16,1.155591015759872e+17,7.617718063936307e+16,3.923544966692864e+16,9.276761710159462e+16,1.155591015759872e+17,1299658848600064.0,663856586162176.0,1577634500706304.0,1963047417544704.0
84,696320,-0.05214444307421218,161.70692058466375,0.1049336100995788,8.595061923957965e+16,4.43658353466409e+16,1.0467635023262515e+17,1.3028099533622477e+17,8.595061923957965e+16,4.43658353466409e+16,1.0467635023262515e+17,1.3028099533622477e+17,1375835999174656.0,703092051935232.0,1670402170421248.0,2078606465433600.0
85,704512,-0.07976933870486391,181.310950813815,0.05853786067498845,8.907680567525376e+16,4.59938427001897e+16,1.0850382751832474e+17,1.3508458983928627e+17,8.907680567525376e+16,4.59938427001897e+16,1.0850382751832474e+17,1.3508458983928627e+17,1461786616266752.0,747457856143360.0,1775078576488448.0,2208887453253632.0
86,712704,-0.08151134461786569,198.68899533711374,0.17761400104791392,9.17494092047319e+16,4.741903740305408e+16,1.1176616441728205e+17,1.3910278085279744e+17,9.17494092047319e+16,4.741903740305408e+16,1.1176616441728205e+17,1.3910278085279744e+17,1550863432679424.0,793451721392128.0,1883582469505024.0,2343971959341056.0
87,720896,-0.01824364562435221,178.27588231675327,0.13754859693653998,1.1617040427122688e+17,6.010984971894784e+16,1.4152086462031462e+17,1.7604217106805555e+17,1.1617040427122688e+17,6.010984971894784e+16,1.4152086462031462e+17,1.7604217106805555e+17,1642612792492032.0,840870777585664.0,1995348658618368.0,2483074675769344.0
88,729088,0.16565023889597796,182.18556344881654,0.13242662868015032,1.218244967881769e+17,6.298799320334336e+16,1.4844042630135808e+17,1.84805347460907e+17,1.218244967881769e+17,6.298799320334336e+16,1.4844042630135808e+17,1.84805347460907e+17,1758783202131968.0,900980656832512.0,2136869575852032.0,2659116795297792.0
89,737280,-0.07206603661961708,124.28955354355276,0.2308347299695015,1.00687571155157e+17,5.207234241049395e+16,1.2270487918451098e+17,1.528080816238756e+17,1.00687571155157e+17,5.207234241049395e+16,1.2270487918451098e+17,1.528080816238756e+17,1880607667781632.0,963968633929728.0,2285309953835008.0,2843922258722816.0
90,745472,-0.08610188478905911,160.45230719447136,0.049299138086382754,1.21540711119061e+17,6.29059163783168e+16,1.4813208200924365e+17,1.8443646130978816e+17,1.21540711119061e+17,6.29059163783168e+16,1.4813208200924365e+17,1.8443646130978816e+17,1981295257190400.0,1016040951644160.0,2408014753562624.0,2996730215792640.0
91,753664,-0.07643636364628037,140.5676041394472,0.18644930835580453,1.1143945484500992e+17,5.779181721459098e+16,1.358258668348375e+17,1.689802312211497e+17,1.1143945484500992e+17,5.779181721459098e+16,1.358258668348375e+17,1.689802312211497e+17,2102835986563072.0,1078946854600704.0,2556146833424384.0,3181166580465664.0
92,761856,-0.07698558825359214,226.78108637500554,0.1532344739716791,1.3339171988963328e+17,6.927291763182797e+16,1.6259002425933824e+17,2.021605715696681e+17,1.3339171988963328e+17,6.927291763182797e+16,1.6259002425933824e+17,2.021605715696681e+17,2214275489726464.0,1136738659467264.0,2691972758241280.0,3350146700017664.0
93,770048,-0.06814780998684,127.87568076420575,0.16471754962367413,1.1328032077774848e+17,5.868693564371763e+16,1.3811489542504448e+17,1.7203139316809728e+17,1.1328032077774848e+17,5.868693564371763e+16,1.3811489542504448e+17,1.7203139316809728e+17,2347667241828352.0,1206011515895808.0,2854562771763200.0,3552307320979456.0
94,778240,-0.08375162789798196,181.2268106448464,0.28479145748133305,1.3393068674567373e+17,6.953778397000499e+16,1.6328805952415334e+17,2.0316832551613235e+17,1.3393068674567373e+17,6.953778397000499e+16,1.6328805952415334e+17,2.0316832551613235e+17,2460947541131264.0,1264698485899264.0,2992677645713408.0,3724338746359808.0
95,786432,-0.06978612037892162,148.75162822473794,0.13461729678056145,1.4199983078322995e+17,7.356404522706534e+16,1.731673776581509e+17,2.1578972257058816e+17,1.4199983078322995e+17,7.356404522706534e+16,1.731673776581509e+17,2.1578972257058816e+17,2594878311628800.0,1334236288122880.0,3155965591420928.0,3927507074023424.0
96,794624,-0.06569254088572052,154.94126090500504,0.23229304785490967,1.6176128454977126e+17,8.405908987261747e+16,1.9726039184205414e+17,2.454582399598592e+17,1.6176128454977126e+17,8.405908987261747e+16,1.9726039184205414e+17,2.454582399598592e+17,2736878251933696.0,1407800353751040.0,3329133035651072.0,4143296699957248.0
97,802816,-0.04474529367962532,167.9919987451285,0.21784494832900236,1.88970812902998e+17,9.824068533695283e+16,2.304559363748004e+17,2.8674191228561e+17,1.88970812902998e+17,9.824068533695283e+16,2.304559363748004e+17,2.8674191228561e+17,2898639605202944.0,1491859440402432.0,3526393367363584.0,4388754886230016.0
98,811008,-0.08064662927972677,136.35003349464387,0.2027769880478445,1.3233257236450509e+17,6.872233718421914e+16,1.614230301054075e+17,2.0107848032924467e+17,1.3233257236450509e+17,6.872233718421914e+16,1.614230301054075e+17,2.0107848032924467e+17,3087610381598720.0,1590100106412032.0,3756849232871424.0,4675496566587392.0
99,819200,-0.06625170111146872,113.83964406512678,0.1702928042595886,1.3890577070292992e+17,7.233430160094003e+16,1.694316151040901e+17,2.1074999076559258e+17,1.3890577070292992e+17,7.233430160094003e+16,1.694316151040901e+17,2.1074999076559258e+17,3219942887391232.0,1658822401720320.0,3918272357466112.0,4876575124226048.0
100,827392,-0.07326218863363465,174.9832180859521,0.2847238198155537,1.8450817008376218e+17,9.603178365662003e+16,2.2508224509273702e+17,2.8011189152985907e+17,1.8450817008376218e+17,9.603178365662003e+16,2.2508224509273702e+17,2.8011189152985907e+17,3358848572194816.0,1731156764524544.0,4087703985455104.0,5087324874473472.0
101,835584,-0.051283351769598085,172.09213328082114,0.2470320164138684,1.9808134907088077e+17,1.0299810894158234e+17,2.416729822026793e+17,3.009789385978675e+17,1.9808134907088077e+17,1.0299810894158234e+17,2.416729822026793e+17,3.009789385978675e+17,3543356609134592.0,1827188609384448.0,4312786310004736.0,5367436735938560.0
102,843776,-0.08441781052715669,173.93351949751377,0.28644864939997206,1.5707336210592563e+17,8.18324413874176e+16,1.916520579066757e+17,2.385294956387369e+17,1.5707336210592563e+17,8.18324413874176e+16,1.916520579066757e+17,2.385294956387369e+17,3741438084907008.0,1930186756980736.0,4554459556347904.0,5668415696011264.0
103,851968,-0.06424149701706483,166.81252079177648,0.30827006946492475,2.2171358198339994e+17,1.1566182860377293e+17,2.7052007850665574e+17,3.3646210297154765e+17,2.2171358198339994e+17,1.1566182860377293e+17,2.7052007850665574e+17,3.3646210297154765e+17,3898511481372672.0,2012019171524608.0,4746111734513664.0,5906945294729216.0
104,860160,-0.0828845202249795,163.8984234407544,0.3892954584880499,2.0334443635513754e+17,1.060912670787502e+17,2.4814158090757734e+17,3.087309766100255e+17,2.0334443635513754e+17,1.060912670787502e+17,2.4814158090757734e+17,3.087309766100255e+17,4120224940949504.0,2127681030193152.0,5016631860264960.0,6243407663988736.0
105,868352,0.005416774562036153,163.05267819948494,0.17522271758207353,1.7685866153089434e+17,9.228749129750938e+16,2.1584622716033434e+17,2.6860711725288653e+17,1.7685866153089434e+17,9.228749129750938e+16,2.1584622716033434e+17,2.6860711725288653e+17,4323569362272256.0,2233772359548928.0,5264773595791360.0,6552138503159808.0
106,876544,-0.053586563693897915,123.72646487131715,0.22865226909925696,1.7231931059575194e+17,8.970969487612314e+16,2.103480677260329e+17,2.621631029407908e+17,1.7231931059575194e+17,8.970969487612314e+16,2.103480677260329e+17,2.621631029407908e+17,4500428062457856.0,2326059798233088.0,5480619861606400.0,6820745757851648.0
107,884736,-0.053542763650511915,197.61216278374195,0.20989205083606066,2.210434983657472e+17,1.1531481242612531e+17,2.6981410614227763e+17,3.359187037092577e+17,2.210434983657472e+17,1.1531481242612531e+17,2.6981410614227763e+17,3.359187037092577e+17,4672747250647040.0,2415769585451008.0,5690968032411648.0,7082908950986752.0
108,892928,-0.029552719390267157,161.46596464328468,0.26808481142506935,1.9044709624184832e+17,9.931699555139584e+16,2.3250185263618458e+17,2.896183721428255e+17,1.9044709624184832e+17,9.931699555139584e+16,2.3250185263618458e+17,2.896183721428255e+17,4893790963761152.0,2531084357074944.0,5960782172913664.0,7418827470012416.0
109,901120,-0.049180478796188254,193.09296503756195,0.23278066793136531,2.1660373913226445e+17,1.1296724343167386e+17,2.644449847054172e+17,3.294206587085783e+17,2.1660373913226445e+17,1.1296724343167386e+17,2.644449847054172e+17,3.294206587085783e+17,5084237866729472.0,2630401449263104.0,6193283785031680.0,7708445704716288.0
110,909312,-0.07692073103225994,157.146001547575,0.2809021502471296,2.6711008063206195e+17,1.3926376481698611e+17,3.261477561900728e+17,4.0647092888980685e+17,2.6711008063206195e+17,1.3926376481698611e+17,3.261477561900728e+17,4.0647092888980685e+17,5300841657401344.0,2743368752824320.0,6457728679542784.0,8037866475094016.0
111,917504,-0.06318431131239777,157.99696687981486,0.15312838667159667,2.5629817047928013e+17,1.3377066485415936e+17,3.129493560492032e+17,3.8984617563888026e+17,2.5629817047928013e+17,1.3377066485415936e+17,3.129493560492032e+17,3.8984617563888026e+17,5567951579119616.0,2882632530526208.0,6783876684840960.0,8444337348149248.0
112,925696,-0.07673129741306184,117.58062427770346,0.20039035165245878,2.3860082645558886e+17,1.2468374241647002e+17,2.913642248090419e+17,3.6286048380125184e+17,2.3860082645558886e+17,1.2468374241647002e+17,2.913642248090419e+17,3.6286048380125184e+17,5824249994412032.0,3016403313491968.0,7096826255638528.0,8834183476543488.0
113,933888,-0.06189954670662701,119.51625438220799,0.09930548518502746,2.3049665266476646e+17,1.2045894629615206e+17,2.814869854392156e+17,3.5060381536957235e+17,2.3049665266476646e+17,1.2045894629615206e+17,2.814869854392156e+17,3.5060381536957235e+17,6062850996961280.0,3141087019401216.0,7388190394548224.0,9197044325416960.0
114,942080,-0.07220741876517422,195.49166026897728,0.21419668824819382,2.727201325543588e+17,1.4266524147646464e+17,3.33051933298262e+17,4.146521543939195e+17,2.727201325543588e+17,1.4266524147646464e+17,3.33051933298262e+17,4.146521543939195e+17,6293347933093888.0,3261546088103936.0,7669677182418944.0,9547647874498560.0
115,950272,-0.08041430224238866,111.5488429106772,0.22340021543641342,3.097643457414431e+17,1.622685717270364e+17,3.782819590145311e+17,4.7064354708783104e+17,3.097643457414431e+17,1.622685717270364e+17,3.782819590145311e+17,4.7064354708783104e+17,6566068155842560.0,3404211211468800.0,8002729347645440.0,9962300123381760.0
116,958464,-0.08377317798931472,217.93814639747143,0.3010432196606416,2.958147042808955e+17,1.5469532461347635e+17,3.6130474356742554e+17,4.500341980575826e+17,2.958147042808955e+17,1.5469532461347635e+17,3.6130474356742554e+17,4.500341980575826e+17,6875832471519232.0,3566479907749888.0,8381011276595200.0,1.0432943713419264e+16
117,966656,-0.0717970776013317,120.88796537928283,0.24412488027883228,2.8124074637420134e+17,1.471558703026012e+17,3.435461876698317e+17,4.279574133211136e+17,2.8124074637420134e+17,1.471558703026012e+17,3.435461876698317e+17,4.279574133211136e+17,7171647270289408.0,3721175234510848.0,8742316273565696.0,1.0882977902886912e+16
118,974848,0.016596530658262054,102.37521712947637,0.2749649353136192,3.0695804846997504e+17,1.6074167649357005e+17,3.74957551248212e+17,4.669169242241761e+17,3.0695804846997504e+17,1.6074167649357005e+17,3.74957551248212e+17,4.669169242241761e+17,7452888171282432.0,3868331014619136.0,9085862654509056.0,1.1310934886711296e+16
119,983040,-0.08485074259260728,206.91974732698873,0.3328280397254275,3.319003666668585e+17,1.7405423686516736e+17,4.0542852314719846e+17,5.045375048425144e+17,3.319003666668585e+17,1.7405423686516736e+17,4.0542852314719846e+17,5.045375048425144e+17,7759846262702080.0,4029072581591040.0,9460819741900800.0,1.1777851518877696e+16
120,991232,-0.08269961614860222,160.98375147208571,0.36685075066634454,3.5586106149830656e+17,1.8639118682554368e+17,4.3473418451943424e+17,5.414231306571612e+17,3.5586106149830656e+17,1.8639118682554368e+17,4.3473418451943424e+17,5.414231306571612e+17,8091746839822336.0,4203126936567808.0,9866248548515840.0,1.2282388843331584e+16
121,999424,-0.0802850784994007,188.37555054109544,0.3498110843647737,3.6881791267844915e+17,1.9320410446862746e+17,4.506075590117294e+17,5.6129161500871885e+17,3.6881791267844915e+17,1.9320410446862746e+17,4.506075590117294e+17,5.6129161500871885e+17,8447607965745152.0,4389518048231424.0,1.0300982990733312e+16,1.2823812420665344e+16
